,MAE,MSE,RMSE,R² Score
OLS Regression,0.3829868714219144,0.3083131097473723,0.5552594976651658,0.7411456621671408
Ridge Regression,0.3830011076471133,0.30830237533733557,0.5552498314608799,0.7411546745915698
Neural Network,0.06390219860833676,0.023402520602454242,0.15297882403278645,0.9803516497266955
